hash,title,company,url,description,description_extracted
a94f8929627a09267acac03c7ad1f978205cd9b7979b07645622237e338cbb34,Software Engineering Co-op_Spring 2026 ,Lensa,https://lensa.com/cgw/00338e70afa1462fb456240814cf0deatjo1?jpsi=directemployers&publisher_preference=easier_apply&utm_term=jse,"Lensa partners with DirectEmployers to promote this job for GE Appliances, a Haier company.

At GE Appliances, a Haier company, we come together to make “good things, for life.” As the fastest-growing appliance company in the U.S., we’re powered by creators, thinkers and makers who believe that anything is possible and that there’s always a better way. We believe in the power of our people and in giving them the freedom to explore, discover and build good things, together.

The GE Appliances philosophy, backed by three simple commitments defines the way we work, invent, create, do business, and serve our communities: we come together , we always look for a better way , and we create possibilities .

Interested in joining us on our journey?

As a Technical Co-op, you will have the opportunity to Imagine, Design, Build, & Learn! This role offers hands-on experience while working on challenging projects that contribute to the company’s growth! You will have the opportunity to work with some of the brightest minds in the business and partner with a mentor who will help set your specific goals, deliverables, and expectations throughout your rotation.

Position

Software Engineering Co-op_Spring 2026

Location

USA, Louisville, KY

How You'll Create Possibilities

The Spring 2026 Software Engineering Co-op runs from January 12, 2026 – May 8, 2026, and is based in Louisville, KY. Housing and relocation assistance is available. 

Essential Duties & Responsibilities


Work with your mentor to accomplish established goals that support the business and offer learning opportunity 
Complete innovative, technical assignments in areas such as New Product Introduction, Product Improvement, Modeling and Simulation, Advanced Development, Sourced Products, Software Development, or GEA’s own Micro-Factory, FirstBuild! 
Attend development and training sessions to enhance your technical knowledge and professional enhancement 
Take part in networking and community volunteer projects 
Optional events will be available both in and out of work. These include lunches, weekend activities, sports, and cookouts. 


Required Qualifications


Currently enrolled in an accredited university pursuing a bachelor's degree or higher in Engineering (Computer, or Software Engineering) 
May 2026 or later graduation date 
Cumulative GPA >=3.0 (out of 4.0) 
Legal authorization to work in the country/region where the business is hiring is required. We will not sponsor individuals for employment visas now, nor in the future, for this position. 


Desired Qualifications


Ability to have two or more co-op rotations before graduation 
Related coursework 
Exceptional interpersonal and communication skills 
Solid analytical skills 
Desire and ability to learn 
Passion for engineering 


What You'll Bring To Our Team

GE Appliances is a trust-based organization. It is important we offer our employees the flexibility they need to do their best work while balancing the needs of the business and individuals. When you join GEA, you will have the opportunity to work with your leader to create a flexible work arrangement that balances the needs of the individual, team, and organization.

Equal Opportunity Employer/Protected Veterans/Individuals With Disabilities

GE Appliances offers a great work environment, professional development, challenging careers, and competitive compensation. GE Appliances is an Equal Opportunity Employer. Employment decisions are made without regard to race, color, religion, national or ethnic origin, sex, sexual orientation, gender identity or expression, age, disability, protected veteran status or other characteristics protected by law.

Our Culture

Our work is centered on our People and Culture as reflected in our Zero Distance philosophy and we recognize the importance of reaffirming our commitment to inclusion and diversity (I&D). This underscores our commitment to fostering an environment where every individual feels valued, connected, and empowered to contribute, while positioning our organization to adapt seamlessly to the evolving needs of our workforce and communities.

This reflects our dedication to creating solutions that: Empower colleagues by fostering an environment where all voices are heard, valued, and encouraged to contribute. Strengthen communities where we live and work. Reinforce a culture of belonging, purpose, and engagement. Reflect the diversity of the communities we serve through our workforce, products, and practices.

By further embedding Zero Distance into our People and Culture framework, we will continue to build a deeply connected organization. We are cultivating a culture of engagement, belonging, and connection, because while attracting new talent remains a priority, retention is a cornerstone of our strategy.

GE Appliances is a trust-based organization. It is important we offer our employees the flexibility they need to do their best work while balancing the needs of the business and individuals. When you join GE Appliances, you will have the opportunity to work with your leader to create a flexible work arrangement that balances the needs of the individual, team, and organization.

GE Appliances is an Equal Opportunity Employer. Employment decisions are made without regard to race, color, religion, national or ethnic origin, sex, sexual orientation, gender identity or expression, age, disability, protected veteran status or other characteristics protected by law.

GE Appliances participates in E-Verify and will provide the federal government with your Form I-9 information to confirm that you are authorized to work in the U.S

If you are an individual with a disability and need assistance or an accommodation to use our website or to apply, please send an e-mail to ask.recruiting@geappliances.com

If you have questions about this posting, please contact support@lensa.com","As a Technical Co-op, you will have the opportunity to Imagine, Design, Build, & Learn! This role offers hands-on experience while working on challenging projects that contribute to the company’s growth! You will have the opportunity to work with some of the brightest minds in the business and partner with a mentor who will help set your specific goals, deliverables, and expectations throughout your rotation.

How You'll Create Possibilities

The Spring 2026 Software Engineering Co-op runs from January 12, 2026 – May 8, 2026, and is based in Louisville, KY. Housing and relocation assistance is available. 

Essential Duties & Responsibilities

Work with your mentor to accomplish established goals that support the business and offer learning opportunity 
Complete innovative, technical assignments in areas such as New Product Introduction, Product Improvement, Modeling and Simulation, Advanced Development, Sourced Products, Software Development, or GEA’s own Micro-Factory, FirstBuild! 
Attend development and training sessions to enhance your technical knowledge and professional enhancement 
Take part in networking and community volunteer projects 
Optional events will be available both in and out of work. These include lunches, weekend activities, sports, and cookouts. 

Required Qualifications

Currently enrolled in an accredited university pursuing a bachelor's degree or higher in Engineering (Computer, or Software Engineering) 
May 2026 or later graduation date 
Cumulative GPA >=3.0 (out of 4.0) 
Legal authorization to work in the country/region where the business is hiring is required. We will not sponsor individuals for employment visas now, nor in the future, for this position. 

Desired Qualifications

Ability to have two or more co-op rotations before graduation 
Related coursework 
Exceptional interpersonal and communication skills 
Solid analytical skills 
Desire and ability to learn 
Passion for engineering"
aef5321055d35beec24fcea559e016fb86904afc4d36278b6cae747308a873fe,Engineer Intern,Brothers Desserts,https://www.linkedin.com/jobs/search/?currentJobId=4253270256&f_TPR=r604800&geoId=103644278&keywords=software+internship&origin=JOB_SEARCH_PAGE_JOB_FILTER&refresh=true,"Company Overview:

 At Brothers Desserts, we don’t just make ice cream – we craft moments of joy. As a growing leader in the frozen dessert manufacturing industry, we are committed to quality, innovation, and continuous improvement. We're looking for a motivated and detail-oriented Summer Engineering Intern to join our team and support ongoing projects within our manufacturing operations.

Key Responsibilities:

Assist engineering and maintenance teams in designing and updating plant layout drawings using AutoCAD
Support equipment installations, upgrades, and validations by creating or revising technical schematics and floor plans
Conduct field measurements and site visits to ensure drawing accuracy
Collaborate with cross-functional departments to document workflows, utilities, and process flow diagrams
Assist with project planning, procurement tracking, and vendor communications as needed
Participate in continuous improvement initiatives and provide support for engineering trials
Maintain organized records of all engineering files, drawings, and revisions

Qualifications:

Currently pursuing a Bachelor’s degree in Mechanical, Industrial, or Manufacturing Engineering (or related field)
Proficient in AutoCAD – ability to create and modify 2D technical drawings independently
Strong attention to detail and organizational skills
Ability to work on-site in a fast-paced, cold environment
Excellent communication and teamwork skills
Previous internship or manufacturing experience preferred but not required","Key Responsibilities:

Assist engineering and maintenance teams in designing and updating plant layout drawings using AutoCAD
Support equipment installations, upgrades, and validations by creating or revising technical schematics and floor plans
Conduct field measurements and site visits to ensure drawing accuracy
Collaborate with cross-functional departments to document workflows, utilities, and process flow diagrams
Assist with project planning, procurement tracking, and vendor communications as needed
Participate in continuous improvement initiatives and provide support for engineering trials
Maintain organized records of all engineering files, drawings, and revisions

Qualifications:

Currently pursuing a Bachelor’s degree in Mechanical, Industrial, or Manufacturing Engineering (or related field)
Proficient in AutoCAD – ability to create and modify 2D technical drawings independently
Strong attention to detail and organizational skills
Ability to work on-site in a fast-paced, cold environment
Excellent communication and teamwork skills
Previous internship or manufacturing experience preferred but not required"
4f33a1bcf204093fc669d08b9d9aaa36294d5cb73b9bdbc959af754a5eb00376,Software Development Intern ,STCU,https://www.linkedin.com/jobs/search/?currentJobId=4254173018&f_TPR=r604800&geoId=103644278&keywords=software+internship&origin=JOB_SEARCH_PAGE_JOB_FILTER&refresh=true,"Company Description

STCU is consistently rated one of the top-performing credit unions in the nation, and has been named one of Fortune Magazine’s Great Places to Work. We look for employees who have a strong desire to serve others, are lifelong learners, are committed to working hard, have a fun-loving attitude, and who want to make a difference in our members’ lives. We love people who share our core values: Joyfulness, generosity, belonging, goodness, and striving. We believe in being a force for good in the community, while helping members achieve their financial goals and dreams.

STCU offers excellent benefits: 


Paid time off - plus paid holidays!
Medical, dental and vision insurance 
Flexible schedules with opportunity to work remote
Training and career development


An Overview Of The Benefits Can Be Found Here.

Salary range: $18.88 - $20.00 per hour

Job Description


Must live within commuting distance of the STCU Headquarters located in Liberty Lake, WA.*


The Software Development internship will provide an opportunity to work within a highly collaborative and Agile development team. The intern can expect to work on full stack web development software, using modern web development tools such as .NET and Angular. Responsibilities will include updating new and existing features in STCU's online banking tools, providing support in resolving issues, and working closely with other developers and STCU employees. Candidates can expect to understand requirements, problem solve, build their own solutions, and help support and maintain multiple application environments such as development, testing, staging, and production.

Duration: June - December 2025

Schedule/Hours per week: 40 hours per week during the summer, 20 hours per week during the fall

Eligibility: Candidates must currently live within commuting distance to Headquarters in Liberty Lake, WA. Candidates must currently be enrolled in a local college for the entirety of the internship and of at least a junior standing, through December 2025.

Qualifications

Current college student with an interest in web development and programming experience with .NET, C#, ASP.NET, HTML, XML, Transact-SQL, CSS, JavaScript and Microsoft’s Visual Studio development platform. A desire to work in an Agile development team with an emphasis on Scrum methodologies. Must be a hard worker with a fun, can-do attitude.

Additional Information

Ready to apply? Click on I'm interested!","The Software Development internship will provide an opportunity to work within a highly collaborative and Agile development team. The intern can expect to work on full stack web development software, using modern web development tools such as .NET and Angular. Responsibilities will include updating new and existing features in STCU's online banking tools, providing support in resolving issues, and working closely with other developers and STCU employees. Candidates can expect to understand requirements, problem solve, build their own solutions, and help support and maintain multiple application environments such as development, testing, staging, and production.

Eligibility: Candidates must currently live within commuting distance to Headquarters in Liberty Lake, WA. Candidates must currently be enrolled in a local college for the entirety of the internship and of at least a junior standing, through December 2025.

Current college student with an interest in web development and programming experience with .NET, C#, ASP.NET, HTML, XML, Transact-SQL, CSS, JavaScript and Microsoft’s Visual Studio development platform. A desire to work in an Agile development team with an emphasis on Scrum methodologies. Must be a hard worker with a fun, can-do attitude."
e724b7233a150c3bbe21e1c6adb9528aa4b759dac097fdfc145b4efe4aedbe23,Intern/Co-op-FALL 2025 - Software Engineering ,"Innovative Systems, Inc.",https://www.linkedin.com/jobs/search/?currentJobId=4253895733&f_TPR=r604800&geoId=103644278&keywords=software+internship&origin=JOB_SEARCH_PAGE_JOB_FILTER&refresh=true,"Start building your career at Innovative Systems!

Innovative Systems/FinScan® a leading global provider of data management and on-premise risk and SaaS compliance solutions is seeking exceptional Computer Science or related technical majors who are creative and passionate about software design and development.

You will be given the opportunity to push the limits of your technical knowledge and analytic abilities as you work on challenging real-world problems within our Software Development group. This team develops Innovative’s world-class software products that are used by enterprises around the globe.

Consistently voted a Top Workplace, Innovative offers a fast-paced environment that feels like a start-up, but whose business and technology is built on a solid foundation of quality and success! You will learn and be mentored by some of the best and brightest in the field!

At Innovative, we look for exceptional individuals who see possibilities, not limits! If you are passionate about your career, have a thirst for challenge, and thrive on developing innovative solutions – this may be the place for you!

This is a highly competitive, paid internship/co-op position for the Fall 2025 (September - December) term, based at our world headquarters in Pittsburgh, PA.

Note: Opportunities are available for remote work and hybrid (mix of in-office and remote) work schedules dependent on where the candidates are located.

***Please only apply to this role if you are available for the Fall 2025 (September - December) term. This internship requires 40 hours per week during the term of the internship.***

WHAT WILL I BE DOING? 

Based on the level of your skills, knowledge, and prior experience you may:


Program applications and /or components - the level of which will be based on your skill, knowledge, and prior experience
Research new technologies, development tools, or technical problems
Work independently and collaboratively to implement assigned projects
Perform other related duties as assigned or requested


You Must Have


Minimum of 2 years of undergraduate work completed by the start of the Internship/Co-op
Currently enrolled in an accredited college or university with a major in Computer Science or related technical major
Knowledge in and passion for learning software and web development, design, and implementation
Highly motivated with a focus on quality
Excellent analytic and problem-solving skills
Excellent research skills
Ability to work effectively alone or collaboratively


ADDITIONALLY - It’s a Plus If You Have


Coding experience with one or more of C, SQL, .NET, XML, HTML, JavaScript, CSS
Experience with various operating systems


About Us

Innovative Systems/FinScan is known for pioneering solutions that set the standard of software data and compliance solutions. FinScan, one of Innovative’s most recognized products, is used by enterprises in over 60 countries to identify potential money laundering and terrorist financing threats. By working at Innovative, that means that you too, are contributing to keeping our world safer.

A rare Pittsburgh gem - Innovative is one of the few truly global, privately-owned companies in the city that can boast on-going double-digit growth along with an amazing culture!

Our pace is fast, our work challenging, and our style highly autonomous and collaborative.

Innovative is a company that takes pride in its people and adding value for its clients around the globe. We look for exceptional individuals who see possibilities, not limits! Could this be YOU?

Innovative's world headquarters is in Pittsburgh, Pennsylvania, USA. Our regional offices are in London, UK; Mexico City, Mexico; Dubai, UAE, and São Paulo, Brazil.

Innovative is an Equal Opportunity Employer. All qualified applicants will receive consideration for employment without regard to race, color, religion, sex, sexual orientation, gender identity, national origin, disability, veteran status, and other protected characteristics.","You will be given the opportunity to push the limits of your technical knowledge and analytic abilities as you work on challenging real-world problems within our Software Development group. This team develops Innovative’s world-class software products that are used by enterprises around the globe.

At Innovative, we look for exceptional individuals who see possibilities, not limits! If you are passionate about your career, have a thirst for challenge, and thrive on developing innovative solutions – this may be the place for you!

WHAT WILL I BE DOING? 

Based on the level of your skills, knowledge, and prior experience you may:

Program applications and /or components - the level of which will be based on your skill, knowledge, and prior experience
Research new technologies, development tools, or technical problems
Work independently and collaboratively to implement assigned projects
Perform other related duties as assigned or requested

You Must Have

Minimum of 2 years of undergraduate work completed by the start of the Internship/Co-op
Currently enrolled in an accredited college or university with a major in Computer Science or related technical major
Knowledge in and passion for learning software and web development, design, and implementation
Highly motivated with a focus on quality
Excellent analytic and problem-solving skills
Excellent research skills
Ability to work effectively alone or collaboratively

ADDITIONALLY - It’s a Plus If You Have

Coding experience with one or more of C, SQL, .NET, XML, HTML, JavaScript, CSS
Experience with various operating systems"
cfaa45466b7ca9e3e20d2e4b43db44469c8f0414ea32f31a6f5c05eb2db082c1,Engineering Intern,Volta Space Technologies,https://www.linkedin.com/jobs/search/?currentJobId=4253262848&f_TPR=r604800&geoId=103644278&keywords=software+internship&origin=JOB_SEARCH_PAGE_JOB_FILTER&refresh=true,"About Volta Space Technologies 

We are a dynamic and innovative space startup that has recently emerged from stealth and into the forefront of the space industry. Committed to pushing the boundaries of technology, our team is driven by a passion for exploration and a vision to revolutionize our future in space and by way of the Moon. Reporting to the Director of Engineering, we are seeking an enthusiastic engineering intern. You will be exposed to a wide variety of engineering activities and have the opportunity to quite literally touch and operate cutting edge spaceborne hardware. 

 

Location 

- Broomfield, CO (near CO-121 and US-36) 




Duration

- 2-3 months starting July 2025

- Open to full time and part time 




Responsibilities (including but not limited to) 

- Work closely with experienced engineers to contribute to the design, development, testing, and operation of an electro-optical payload 

- Prepare technical documentation, reports, and presentations 

- Participate in design reviews and team meetings 

 

Qualifications 

- Working towards a BS, MS, or PhD in Aerospace, Mechanical, Electrical, Optical Engineering, Physics, or a related technical field 

- Local to Denver Metro area 

- Impeccable integrity, ethics, and interpersonal skills 

- Interest in furthering humanity’s exploration of space 

- Must be a U.S. citizen or national, U.S. permanent resident (current Green Card holder), or lawfully admitted into the U.S. as a refugee or granted asylum ","Reporting to the Director of Engineering, we are seeking an enthusiastic engineering intern. You will be exposed to a wide variety of engineering activities and have the opportunity to quite literally touch and operate cutting edge spaceborne hardware. 

Responsibilities (including but not limited to) 

- Work closely with experienced engineers to contribute to the design, development, testing, and operation of an electro-optical payload 

- Prepare technical documentation, reports, and presentations 

- Participate in design reviews and team meetings 

Qualifications 

- Working towards a BS, MS, or PhD in Aerospace, Mechanical, Electrical, Optical Engineering, Physics, or a related technical field 

- Local to Denver Metro area 

- Impeccable integrity, ethics, and interpersonal skills 

- Interest in furthering humanity’s exploration of space 

- Must be a U.S. citizen or national, U.S. permanent resident (current Green Card holder), or lawfully admitted into the U.S. as a refugee or granted asylum"
44ae773a826455e7f1efe170e30fe4ebc503178d8604ba624eeb41692f7b3e87,Software Dev Intern 1 Year,The Church of Jesus Christ of Latter-day Saints,https://epej.fa.us2.oraclecloud.com/hcmUI/CandidateExperience/en/sites/ChurchEmployment/job/369064,"Job Description

We are looking for an upbeat and dedicated individual who loves to learn new technologies, and you are looking for an internship, keep reading!

About

This internship position represents an exciting opportunity to work for one of the largest information technology centers in the Wasatch front. This individual works with divine guidance to provide or support technology that furthers the mission of the Church and reflects the eternal impact of the gospel. A skilled and seasoned mentor will be provided to guide you during the internship.

We are committed to the well-being of our employees and supporting them in becoming their best self. Our focus on physical and mental health, financial security, and personal and professional development helps employees create more energy, purpose, and balance in life.

Benefit options are designed to help employees care for their families and pursue other meaningful endeavors. Our benefits include:

Flexible work schedules that include remote and hybrid options for certain positions

On-site fitness centers and cafeterias

Find out more about the many benefits of Church Employment at http://careers.churchofjesuschrist.org

Work Schedule

This is a 40 hour per week internship that is expected to last approximately 12 months. Internships will start September 2025. Normal office hours are between 8:00 am-5:00 pm, Monday through Friday.

The offices are located in Riverton or Lehi, UT. Most positions are remote while hybrid options are available.

To qualify: You must be currently enrolled in an accredited college or start the internship within one year of your graduation date. 

Responsibilities

A Day in the Life:

Examples of activities you will accomplish include specific development tasks in various programming languages, unit testing, debugging and correcting defects in code, meetings with project team members and customers, reporting on current activities, working with databases and issue tracking systems and working in both individual and paired programming assignments. This is an excellent opportunity for somebody wishing to develop their software development and engineering skills in an extraordinary development environment.


 Work with state-of-the art tools to help develop enterprise solutions
 Work on REAL production level projects and solve REAL problems
 Mentor with highly experienced IT professionals
 We hasten the Lord's work in an important way
 Be a member of a creative, spiritual, and highly motivated team and culturelso expected.


Qualifications


 You must be currently enrolled in an accredited college or start the internship within one year of your graduation date. 
 Internship is for current temple worthy members of the Church of Jesus Christ of Latter-day Saints
 Should be working toward a degree in the area of engineering, computer science or information technology
 Excellent communication skills for interacting confidently and providing information within a team environment, often virtually
 Programming language experience in any of the following: (Java/J2EE, .NET/C#, HTML, CSS, JavaScript, Python, or full-stack development


Familiar with string manipulation, OO design, logic flows and variable scoping


 Familiarity with databases and coding with large data sets


Familiarity with general cloud technologies or AWS, in example - infrastructure as code (server templates, automation templates, policies, etc), or Github actions, cloud formation, Terraform, Azure DevOps, etc.

Familiarity with some aspects of machine learning, in example, AI, machine learning model creation, training, test AWS toolset or Sagemaker


 Ability to work independently and with mentor
 Ability to multi-task and customer driven requirements
 Problem solving, decision making, conflict resolution skills are desired
 Self-motivated with good time management skills
 We want highly computer literate students that are familiar with various operating systems and internet browser environments.
 You will be asked to demonstrate your coding experience in the interview.


Apply/Screening Process: Please Note: All positions are subject to close without notice.

Only members of the Church who are worthy of a temple recommend qualify for employment. Apart from this, the Church is an equal opportunity employer and does not discriminate in its employment decisions on any basis that would violate U.S. or local law.

Qualified applicants will be considered for employment without regard to race, national origin, color, gender, pregnancy, marital status, age, disability, genetic information, veteran status, or other legally protected categories that apply to the Church. The Church will make reasonable accommodations for qualified individuals with known disabilities.

About Us

Church employees find joy and satisfaction in using their unique talents and abilities to further the Lord’s work. From the IT professional who develops an app that sends the gospel message worldwide, to the facilities manager who maintains our buildings— giving Church members places to worship, teach, learn, and receive sacred ordinances—our employees seek innovative ways to share the gospel of Jesus Christ with the world. They are literally working in His kingdom.

Only members of the Church who are worthy of a temple recommend qualify for employment. Apart from this, the Church is an equal opportunity employer and does not discriminate in its employment decisions on any basis that would violate U.S. or local law.

Qualified applicants will be considered for employment without regard to race, national origin, color, gender, pregnancy, marital status, age, disability, genetic information, veteran status, or other legally protected categories that apply to the Church. The Church will make reasonable accommodations for qualified individuals with known disabilities.","Responsibilities

A Day in the Life:

Examples of activities you will accomplish include specific development tasks in various programming languages, unit testing, debugging and correcting defects in code, meetings with project team members and customers, reporting on current activities, working with databases and issue tracking systems and working in both individual and paired programming assignments. This is an excellent opportunity for somebody wishing to develop their software development and engineering skills in an extraordinary development environment.


 Work with state-of-the art tools to help develop enterprise solutions
 Work on REAL production level projects and solve REAL problems
 Mentor with highly experienced IT professionals
 We hasten the Lord's work in an important way
 Be a member of a creative, spiritual, and highly motivated team and culturelso expected.


Qualifications


 You must be currently enrolled in an accredited college or start the internship within one year of your graduation date. 
 Internship is for current temple worthy members of the Church of Jesus Christ of Latter-day Saints
 Should be working toward a degree in the area of engineering, computer science or information technology
 Excellent communication skills for interacting confidently and providing information within a team environment, often virtually
 Programming language experience in any of the following: (Java/J2EE, .NET/C#, HTML, CSS, JavaScript, Python, or full-stack development


Familiar with string manipulation, OO design, logic flows and variable scoping


 Familiarity with databases and coding with large data sets


Familiarity with general cloud technologies or AWS, in example - infrastructure as code (server templates, automation templates, policies, etc), or Github actions, cloud formation, Terraform, Azure DevOps, etc.

Familiarity with some aspects of machine learning, in example, AI, machine learning model creation, training, test AWS toolset or Sagemaker


 Ability to work independently and with mentor
 Ability to multi-task and customer driven requirements
 Problem solving, decision making, conflict resolution skills are desired
 Self-motivated with good time management skills
 We want highly computer literate students that are familiar with various operating systems and internet browser environments.
 You will be asked to demonstrate your coding experience in the interview."
53c67292fc13358b4b2f1840530522aafbdcc594f6f1c3e94284de9fe7c73909,Summer IT Intern ,Kleinfelder,https://careers-kleinfelder.icims.com/jobs/8564/summer-it-intern/login?in_iframe=1,"Take Your Corporate Career to the Next Level 

Are you ready to be challenged, make a difference, and experience professional growth in your career? Kleinfelder's Corporate Services team is looking for you! From Accounting & Finance, Human Resources, Marketing & Communications, and Information Technology to Legal and Health & Safety, our corporate employees are part of the Kleinfelder ecosystem - supporting the projects that improve the communities we work and live in.

 Step into Your New Role 

We are seeking a motivated Summer IT Intern to assist our IT team with essential tasks including documentation and network mapping. The intern will help organize and update IT documentation, create and maintain network diagrams, and support inventory tracking of hardware and software assets. This role is ideal for a student pursuing a degree in Information Technology, Computer Science, or a related field who is eager to gain hands-on experience in a professional IT environment.

Strong attention to detail, basic networking knowledge, and proficiency with Microsoft Office and diagramming tools like Visio and Zabbix are preferred.

 Move Forward with Kleinfelder 

Kleinfelder has been connecting great people to the best work since 1961. We are engineers, scientists, and construction professionals providing solutions that improve our clients' transportation, water, energy, and other private infrastructure. As a responsive, cross-disciplinary team of bright, curious, and innovative problem-solvers, we are dedicated to doing the right thing, every day, on every project from over 85 offices in the US, Canada, and Australia. Connecting great people to the best work is our purpose - together, we deliver.

 Progress with an Employer that Values You 

Kleinfelder is an inclusive organization free from discrimination. We are a stronger organization when we are a diverse workforce and believe that throughdiversity, equity, and inclusion comes creativity, innovation, and unity. We are proud to offer the following:

The expected salary range for the position is displayed in accordance with the Colorado Equal Pay for Equal Work Act.  Final agreed upon compensation is based upon individual qualifications and experience. Salary range: $16.74 - $27.95. We will be accepting applications through September 20, 2025. (90 days from posting date)

 Career Development:  We are committed to investing in the professional development of our staff, offering each employee every opportunity to grow, develop, and take control of their career paths. We support these efforts through reimbursements for continuing education as well as many of the expenses associated with trainings and certifications, and opportunities for career development through our internal Mentoring Program.

 Equal Opportunity:  Kleinfelder is an Equal Opportunity Employer - Minorities/Women/Disabled/Veterans. (Compliant with the new VEVRAA and Section 503 rules)

 NOTICE TO THIRD PARTY AGENCIES 

Please note that Kleinfelder does not accept unsolicited resumes from recruiters or employment agencies. In the absence of a signed Recruitment Fee Agreement, Kleinfelder will not consider or agree to payment for any referral compensation or recruiter fee. In the event a recruiter or agency submits a resume or candidate without a previously signed agreement, Kleinfelder explicitly reserves the right to pursue and hire those candidate(s) without any financial obligation to the recruiter or agency. Any unsolicited resume, including those submitted to hiring managers, are deemed to be the property of Kleinfelder.","We are seeking a motivated Summer IT Intern to assist our IT team with essential tasks including documentation and network mapping. The intern will help organize and update IT documentation, create and maintain network diagrams, and support inventory tracking of hardware and software assets. This role is ideal for a student pursuing a degree in Information Technology, Computer Science, or a related field who is eager to gain hands-on experience in a professional IT environment.

Strong attention to detail, basic networking knowledge, and proficiency with Microsoft Office and diagramming tools like Visio and Zabbix are preferred."
6d563eb7610feabe479d43e94ee04f382c20299577fae119918ea60ad419f5b2,Software Engineering Intern ,Copart,https://copart.wd12.myworkdayjobs.com/Copart/job/Dallas-TX---Headquarters/Software-Engineering-Intern_JR103530,"Copart, Inc. a technology leader and the premier online vehicle auction platform globally, with over 200 facilities located across the world, Copart links vehicle sellers to more than 750,000 buyers in over 190 countries. We believe in providing an unmatched experience, every day and everywhere, driven by our people, processes, and technology. 

Job Description

Copart is seeking candidates who desires to intern in the database development team. The internship will be focused around database modeling, development and maintenance.

Learning Scope


 Analyze data requirements for business applications and build conceptual model.
 Develop physical data model and data migration/conversion strategies for internally hosted applications.
 Reference data maintenance. Work with business analyst to keep the reference data as per industry standard.
 Troubleshoot production data issues. Identify and Cleanup of junk data.
 Program and write SQL code to support the creation of tables, views, stored procedures, functions, reports and triggers.
 Develop and maintain complex stored procedures, views and functions on MariaDB, MySQL, DB2 AS400 and DB2 LUW databases.
 Utilize software development principles and experience to support the full lifecycle of software products.
 Work with application teams to identify ways to optimize the database tier and work to implement improvements for future releases.


Desirable Skills


 Ability to be flexible and work well with changing priorities.
 Time management skills with ability to participate in multiple projects/work streams Develop simultaneously as well as strong analytical/problem solving skills.
 A self-starter who thrives with minimal supervision.
 Have the ability to express yourself well, verbally and on email.
 Ability to work with all levels of staff, management and external vendors.
 Strong knowledge of Python Object Oriented Programming, design patterns, algorithms, and data structures.
 Knowledge on frameworks such as Flask / Django along with NumPy / pandas.
 Solid understanding of HTML and JavaScript
 Solid understanding of SQL
 Designing, implementing and using REST APIs to orchestrate services in support of business requirements.
 Familiar with Git tool for source code control and continuous integration.
 Fluent in Linux/UNIX shell and common commands.


Required Experience


 BS, BA in Computer Science, Computer Information Systems, MIS, or relevant technology degree.


#LS1 - MS1

At Copart, we are focused on harnessing the power of diversity, inclusion, and collaboration. By embracing diverse perspectives, we open doors to innovation and unleash the full potential of our team. We are dedicated to fostering a workplace where everyone feels appreciated, included, and inspired to grow and contribute meaningfully.

E-Verify Program Participant: Copart participates in the Department of Homeland Security U.S. Citizenship and Immigration Services' E-Verify program (For U.S. applicants and employees only). Please click below to learn more about the E-Verify program:


E-verify Participation
Right to Work","Copart is seeking candidates who desires to intern in the database development team. The internship will be focused around database modeling, development and maintenance.

Learning Scope

Analyze data requirements for business applications and build conceptual model.
Develop physical data model and data migration/conversion strategies for internally hosted applications.
Reference data maintenance. Work with business analyst to keep the reference data as per industry standard.
Troubleshoot production data issues. Identify and Cleanup of junk data.
Program and write SQL code to support the creation of tables, views, stored procedures, functions, reports and triggers.
Develop and maintain complex stored procedures, views and functions on MariaDB, MySQL, DB2 AS400 and DB2 LUW databases.
Utilize software development principles and experience to support the full lifecycle of software products.
Work with application teams to identify ways to optimize the database tier and work to implement improvements for future releases.

Desirable Skills

Ability to be flexible and work well with changing priorities.
Time management skills with ability to participate in multiple projects/work streams Develop simultaneously as well as strong analytical/problem solving skills.
A self-starter who thrives with minimal supervision.
Have the ability to express yourself well, verbally and on email.
Ability to work with all levels of staff, management and external vendors.
Strong knowledge of Python Object Oriented Programming, design patterns, algorithms, and data structures.
Knowledge on frameworks such as Flask / Django along with NumPy / pandas.
Solid understanding of HTML and JavaScript
Solid understanding of SQL
Designing, implementing and using REST APIs to orchestrate services in support of business requirements.
Familiar with Git tool for source code control and continuous integration.
Fluent in Linux/UNIX shell and common commands.

Required Experience

BS, BA in Computer Science, Computer Information Systems, MIS, or relevant technology degree."
b20543203446b7bdd1c65c065e9e3d1e38f233445d329dbb900a39ea7fa2b961,Student Intern - Software Developer - Fall 2025 - ASL ,Georgia Tech Research Institute,https://careers.gtri.gatech.edu/jobs/student-intern-software-developer-fall-2025-asl-huntsville-alabama-united-states,"Overview

The Georgia Tech Research Institute (GTRI) is the nonprofit, applied research division of the Georgia Institute of Technology (Georgia Tech). Founded in 1934 as the Engineering Experiment Station, GTRI has grown to more than 2,900 employees, supporting eight laboratories in over 20 locations around the country and performing more than $940 million of problem-solving research annually for government and industry. GTRI's renowned researchers combine science, engineering, economics, policy, and technical expertise to solve complex problems for the U.S. federal government, state, and industry.

Georgia Tech's Mission and Values

Georgia Tech's Mission Is To Develop Leaders Who Advance Technology And Improve The Human Condition. The Institute Has Nine Key Values That Are Foundational To Everything We Do


 Students are our top priority.
 We strive for excellence.
 We thrive on diversity.
 We celebrate collaboration.
 We champion innovation.
 We safeguard freedom of inquiry and expression.
 We nurture the wellbeing of our community.
 We act ethically.
 We are responsible stewards.


Over the next decade, Georgia Tech will become an example of inclusive innovation, a leading technological research university of unmatched scale, relentlessly committed to serving the public good; breaking new ground in addressing the biggest local, national, and global challenges and opportunities of our time; making technology broadly accessible; and developing exceptional, principled leaders from all backgrounds ready to produce novel ideas and create solutions with real human impact.

Job Description

GTRI's Applied Systems Laboratory (ASL) conducts applied research, development, test, and evaluation of ground-based air and missile defense and rotary-wing aviation systems. The Applied Systems Laboratory (ASL) is currently seeking Interns to work on-site in Huntsville, AL on software development or systems engineering on a variety of defense programs. The selected candidate will work as part of a team to add value to customer deliverables. The selected candidate will be writing code in multiple languages supporting multiple projects.

Required Minimum Qualifications

Intern


Pursuing a Bachelor’s degree in Computer Science, Computer Engineering, Electrical Engineering, or a related field.
2.0 or higher cumulative GPA
Full-Time Intern- Must be registered for Full-time Internship Credit
Part-Time Intern– Must be registered for 6+ credit hours


Preferred Qualifications


Experience in 1 or more programming languages
Task/team leadership experience
Strong math skills and ability to learn complex engineering concepts
Familiarity with Linux and open-source tools
Configuration management tools
Ability to clearly communicate technical ideas


Hours per Week


40 hours per week while taking no classes
20 hours per week while taking classes


U.S. Citizenship Requirements

Due to our research contracts with the US federal government, candidates for this position are required to be US Citizens.

Clearance Type Required

Candidates must be able to obtain and maintain an active security clearance.

Housing and Relocation

Housing and relocation assistance are not available for this position.

Equal Employment Opportunity

The Georgia Institute of Technology (Georgia Tech) is an Equal Employment Opportunity Employer. The University is committed to maintaining a fair and respectful environment for all. To that end, and in accordance with federal and state law, Board of Regents policy, and University policy, Georgia Tech provides equal opportunity to all faculty, staff, students, and all other members of the Georgia Tech community, including applicants for admission and/or employment, contractors, volunteers, and participants in institutional programs, activities, or services. Georgia Tech complies with all applicable laws and regulations governing equal opportunity in the workplace and in educational activities.

Georgia Tech prohibits discrimination, including discriminatory harassment, on the basis of race, ethnicity, ancestry, color, religion, sex (including pregnancy), sexual orientation, gender identity, gender expression, national origin, age, disability, genetics, or veteran status in its programs, activities, employment, and admissions. This prohibition applies to faculty, staff, students, and all other members of the Georgia Tech community, including affiliates, invitees, and guests. Further, Georgia Tech prohibits citizenship status, immigration status, and national origin discrimination in hiring, firing, and recruitment, except where such restrictions are required in order to comply with law, regulation, executive order, or Attorney General directive, or where they are required by Federal, State, or local government contract.

USG Core Values Statement

The University System of Georgia is comprised of our 26 institutions of higher education and learning as well as the System Office. Our USG Statement of Core Values are Integrity, Excellence, Accountability, and Respect. These values serve as the foundation for all that we do as an organization, and each USG community member is responsible for demonstrating and upholding these standards. More details on the USG Statement of Core Values and Code of Conduct are available in USG Board Policy 8.2.18.1.2 and can be found on-line at https://www.usg.edu/policymanual/section8/C224/#p8.2.18_personnel_conduct.

Additionally, USG supports Freedom of Expression as stated in Board Policy 6.5 Freedom of Expression and Academic Freedom found on-line at https://www.usg.edu/policymanual/section6/C2653.","Job Description

GTRI's Applied Systems Laboratory (ASL) conducts applied research, development, test, and evaluation of ground-based air and missile defense and rotary-wing aviation systems. The Applied Systems Laboratory (ASL) is currently seeking Interns to work on-site in Huntsville, AL on software development or systems engineering on a variety of defense programs. The selected candidate will work as part of a team to add value to customer deliverables. The selected candidate will be writing code in multiple languages supporting multiple projects.

Required Minimum Qualifications

Intern

Pursuing a Bachelor’s degree in Computer Science, Computer Engineering, Electrical Engineering, or a related field.
2.0 or higher cumulative GPA
Full-Time Intern- Must be registered for Full-time Internship Credit
Part-Time Intern– Must be registered for 6+ credit hours

Preferred Qualifications

Experience in 1 or more programming languages
Task/team leadership experience
Strong math skills and ability to learn complex engineering concepts
Familiarity with Linux and open-source tools
Configuration management tools
Ability to clearly communicate technical ideas

U.S. Citizenship Requirements

Due to our research contracts with the US federal government, candidates for this position are required to be US Citizens.

Clearance Type Required

Candidates must be able to obtain and maintain an active security clearance."
a08087eee4099b0630d3fedd51489429bef29acd8c363fd6fc51748517db6fb5,AI Intern ,Formstack,https://jobs.lever.co/formstack/4c2cbe26-5948-4686-95a4-8f7145d7d2a8,"POSITION OVERVIEW




Formstack is hiring two AI Interns for a 4-month fixed term to help drive one of the boldest transformations in our company’s journey: making AI second nature across every role, team, and function. These roles are a core part of our evolution from AI-forward to AI-native—and they’re a big deal.




As an AI Intern, you’ll partner directly with our CIO, People team, and leaders across the business to accelerate adoption, experimentation, and fluency. This isn’t about theory—it’s about real-world use cases, workflow breakthroughs, and wow moments. If you’re curious, resourceful, and energized by the idea of helping a high-growth tech company thrive on the edge of innovation, we want to hear from you.




We prefer candidates based in Denver or San Francisco, but we’re open to remote candidates who are an exceptional fit.




RESPONSIBILITIES

Collaborate with our CIO, People team, and department leaders to scale AI adoption across the org
Build and maintain an internal library of high-impact prompts, sorted by function and workflow
Shadow teams to uncover friction points and identify AI-enabled solutions that drive productivity
Support the creation of onboarding materials, live demos, job aids, and training for employees at all levels
Pilot and document real-world AI use cases that align with business priorities and unlock new ways of working
Help build excitement and momentum through internal campaigns, peer training, and success stories
Track adoption metrics and employee feedback to iterate and improve continuously
Stay on top of emerging AI tools (ChatGPT, Claude, Gemini, etc.) and evaluate their potential for team use
Contribute to a culture of experimentation, continuous learning, and responsible AI use aligned to The Formstack Standard




KNOWLEDGE, SKILLS, AND ABILITIES // REQUIRED

Currently pursuing a Bachelor’s or Master’s degree in Computer Science, Data Science, Human-Computer Interaction, Organizational Psychology, or a related field—or equivalent experience
Google Cloud Certified in Generative AI or similar (or committed to completing certification before start)
Strong understanding of generative AI tools, prompt design, and how AI can augment human performance
Clear communicator who can simplify technical concepts and inspire teams to embrace new tools
Creative problem-solver with a bias for action, experimentation, and iteration
Highly organized and able to work independently in a fast-paced, ever-evolving environment
Enthusiastic about helping others adopt new technology with empathy and clarity
Basic coding skills (such as python or java) to help bridge the no-code gap or better integrate tools.




KNOWLEDGE, SKILLS, AND ABILITIES // PREFERRED

Experience with enablement, instructional design, or internal communications
Familiarity with low-code/no-code tools (e.g., Notion, Airtable, Zapier, n8n, MCP)
Background in workshop facilitation or content creation
Exposure to prompt engineering or AI knowledge base development




WHY JOIN FORMSTACK?




At Formstack, we don’t just use AI—we live it. We believe in thriving on the edge, delivering wow moments, and combining human ingenuity with intelligent systems. You’ll join a culture that’s hungry to learn, values speed and substance, and empowers every team member to drive meaningful change. This is more than an internship. It’s your chance to shape what modern work can look like.




Don’t meet every single requirement? Studies have shown that women and people of color are less likely to apply to jobs unless they meet every single qualification. At Formstack, we are dedicated to building a diverse, inclusive and authentic workplace, so if you’re excited about this role but your past experience doesn’t align perfectly with every qualification in the job description, we encourage you to apply anyway. You may be just the right candidate for this or other roles.




Formstack, is an equal opportunity employer. We are passionately committed to equitable hiring and boldly dedicated to diversity in our work and staff. We do not discriminate in employment opportunities or practices based on actual or perceived race, color, religion, national origin, sex (including pregnancy, childbirth, or related conditions), age, marital status, sexual orientation, gender identity or expression, veteran status, uniform service member status, disability or any other characteristic protected by law. Women, people of color, including bilingual and bicultural individuals, LGBTQ+ persons, and people with disabilities, are encouraged to apply.


","As an AI Intern, you’ll partner directly with our CIO, People team, and leaders across the business to accelerate adoption, experimentation, and fluency. This isn’t about theory—it’s about real-world use cases, workflow breakthroughs, and wow moments. If you’re curious, resourceful, and energized by the idea of helping a high-growth tech company thrive on the edge of innovation, we want to hear from you.

RESPONSIBILITIES
Collaborate with our CIO, People team, and department leaders to scale AI adoption across the org
Build and maintain an internal library of high-impact prompts, sorted by function and workflow
Shadow teams to uncover friction points and identify AI-enabled solutions that drive productivity
Support the creation of onboarding materials, live demos, job aids, and training for employees at all levels
Pilot and document real-world AI use cases that align with business priorities and unlock new ways of working
Help build excitement and momentum through internal campaigns, peer training, and success stories
Track adoption metrics and employee feedback to iterate and improve continuously
Stay on top of emerging AI tools (ChatGPT, Claude, Gemini, etc.) and evaluate their potential for team use
Contribute to a culture of experimentation, continuous learning, and responsible AI use aligned to The Formstack Standard

KNOWLEDGE, SKILLS, AND ABILITIES // REQUIRED
Currently pursuing a Bachelor’s or Master’s degree in Computer Science, Data Science, Human-Computer Interaction, Organizational Psychology, or a related field—or equivalent experience
Google Cloud Certified in Generative AI or similar (or committed to completing certification before start)
Strong understanding of generative AI tools, prompt design, and how AI can augment human performance
Clear communicator who can simplify technical concepts and inspire teams to embrace new tools
Creative problem-solver with a bias for action, experimentation, and iteration
Highly organized and able to work independently in a fast-paced, ever-evolving environment
Enthusiastic about helping others adopt new technology with empathy and clarity
Basic coding skills (such as python or java) to help bridge the no-code gap or better integrate tools.

KNOWLEDGE, SKILLS, AND ABILITIES // PREFERRED
Experience with enablement, instructional design, or internal communications
Familiarity with low-code/no-code tools (e.g., Notion, Airtable, Zapier, n8n, MCP)
Background in workshop facilitation or content creation
Exposure to prompt engineering or AI knowledge base development"
d107f3cecee679cb888884935a0f8bde2c3cbdbacc005282a52eee6ff27a0c1b,Intern - Casual,McLaren Health Care,https://careers.mclaren.org/jobs/intern-casual-29077,"Position Summary:

Responsible for a variety of tasks that supports the IT Department.

Essential Functions and Responsibilities As Assigned:


 Performs a variety of clerical and administrative duties to support the operations of the department
 Assists with assigned projects in various areas of focus, including security, applications, business intelligence, delivery/vendor management, infrastructure, and project management


Qualifications:

Required:


 Actively pursuing a degree or recently graduated with a degree in computer science, engineering, information technology, or related field


Additional Information


 Schedule: Per Diem 
 Requisition ID: 25003847 
 Daily Work Times: Standard Business Hours 
 Hours Per Pay Period: 0 
 On Call: No 
 Weekends: No","Responsible for a variety of tasks that supports the IT Department.

Performs a variety of clerical and administrative duties to support the operations of the department
Assists with assigned projects in various areas of focus, including security, applications, business intelligence, delivery/vendor management, infrastructure, and project management

Actively pursuing a degree or recently graduated with a degree in computer science, engineering, information technology, or related field"
0322d5ea6a2b33efb532e1fabb2d184b26195746007b3912af0041300e806128,Internship,Ingram Content Group,https://www.linkedin.com/jobs/search/?currentJobId=4251558713&f_TPR=r604800&geoId=103644278&keywords=software+internship&origin=JOB_SEARCH_PAGE_JOB_FILTER&refresh=true,"Job Description

Ingram Content Group (ICG) is hiring an Intern to join one of our teams. The internship will be based in our La Vergne, TN office.

The Internship is designed to provide current students the opportunity to gain real-world work experience and add value to the business culture within Ingram Content Group. This intern will support strategic initiatives in business development, and the ideal candidate will be entrepreneurial, detail-oriented, organized, analytical and a strong communicator.

The world is reading, and it is our goal to connect as many people to the content they want in the simplest ways. If you share that passion, enjoy working in a fast-paced environment and want to contribute to a strategic part of the business that is evolving and expanding, we can’t wait to meet you!

Required Qualifications:


High school diploma or equivalent
Current college student pursuing a Bachelor’s and/or Master’s level degree



Key Responsibilities:


Compiles market research and analysis on deadline.
Prepares presentation materials in PowerPoint format.
Executes special tasks/projects
Communicates necessary updates/information to management, department associates & external stakeholders.



Additional Information

Perks/Benefits:


Paid Internship at $21/hr
Casual Dress Code



The world is reading, and Ingram Content Group (“Ingram”) connects people with content in all forms. Providing comprehensive services for publishers, retailers, libraries and educators, Ingram makes these services seamless and accessible through technology, innovation and creativity. With an expansive global network of offices and facilities, Ingram’s services include digital and physical book distribution, print-on-demand, and digital learning. Ingram Content Group is a part of Ingram Industries Inc. and includes Ingram Book Group LLC, Ingram Publisher Services LLC, Lightning Source LLC, Ingram Library Services LLC, Tennessee Book Company LLC, Ingram Content Group UK Ltd. and Ingram Content Group Australia Pty Ltd.

All qualified applicants will receive consideration for employment without regard to race, color, religion, sex, national origin, age, work related mental or physical disability, veteran status, sexual orientation, gender identity, or genetic information.


EOE-Race/Gender/Veterans/Disabled
We participate in EVerify.
EEO Poster in English 
EEO Poster in Spanish","The Internship is designed to provide current students the opportunity to gain real-world work experience and add value to the business culture within Ingram Content Group. This intern will support strategic initiatives in business development, and the ideal candidate will be entrepreneurial, detail-oriented, organized, analytical and a strong communicator.

Required Qualifications:

High school diploma or equivalent
Current college student pursuing a Bachelor’s and/or Master’s level degree

Key Responsibilities:

Compiles market research and analysis on deadline.
Prepares presentation materials in PowerPoint format.
Executes special tasks/projects
Communicates necessary updates/information to management, department associates & external stakeholders."
0322d5ea6a2b33efb532e1fabb2d184b26195746007b3912af0041300e806128,Internship,Ingram Content Group,https://www.linkedin.com/jobs/search/?currentJobId=4251558713&f_TPR=r604800&geoId=103644278&keywords=software+internship&origin=JOB_SEARCH_PAGE_JOB_FILTER&refresh=true,"Job Description

Ingram Content Group (ICG) is hiring an Intern to join one of our teams. The internship will be based in our La Vergne, TN office.

The Internship is designed to provide current students the opportunity to gain real-world work experience and add value to the business culture within Ingram Content Group. This intern will support strategic initiatives in business development, and the ideal candidate will be entrepreneurial, detail-oriented, organized, analytical and a strong communicator.

The world is reading, and it is our goal to connect as many people to the content they want in the simplest ways. If you share that passion, enjoy working in a fast-paced environment and want to contribute to a strategic part of the business that is evolving and expanding, we can’t wait to meet you!

Required Qualifications:


High school diploma or equivalent
Current college student pursuing a Bachelor’s and/or Master’s level degree



Key Responsibilities:


Compiles market research and analysis on deadline.
Prepares presentation materials in PowerPoint format.
Executes special tasks/projects
Communicates necessary updates/information to management, department associates & external stakeholders.



Additional Information

Perks/Benefits:


Paid Internship at $21/hr
Casual Dress Code



The world is reading, and Ingram Content Group (“Ingram”) connects people with content in all forms. Providing comprehensive services for publishers, retailers, libraries and educators, Ingram makes these services seamless and accessible through technology, innovation and creativity. With an expansive global network of offices and facilities, Ingram’s services include digital and physical book distribution, print-on-demand, and digital learning. Ingram Content Group is a part of Ingram Industries Inc. and includes Ingram Book Group LLC, Ingram Publisher Services LLC, Lightning Source LLC, Ingram Library Services LLC, Tennessee Book Company LLC, Ingram Content Group UK Ltd. and Ingram Content Group Australia Pty Ltd.

All qualified applicants will receive consideration for employment without regard to race, color, religion, sex, national origin, age, work related mental or physical disability, veteran status, sexual orientation, gender identity, or genetic information.


EOE-Race/Gender/Veterans/Disabled
We participate in EVerify.
EEO Poster in English 
EEO Poster in Spanish","The Internship is designed to provide current students the opportunity to gain real-world work experience and add value to the business culture within Ingram Content Group. This intern will support strategic initiatives in business development, and the ideal candidate will be entrepreneurial, detail-oriented, organized, analytical and a strong communicator.

Required Qualifications:

High school diploma or equivalent
Current college student pursuing a Bachelor’s and/or Master’s level degree

Key Responsibilities:

Compiles market research and analysis on deadline.
Prepares presentation materials in PowerPoint format.
Executes special tasks/projects
Communicates necessary updates/information to management, department associates & external stakeholders."
08c15156a057dd6d25d94bbd39a6d4b9f2d04d033677db1a3c08acd91a30f1af,"Graduate Development Program, Technology (Full-Time Internship) - Summer, New York 2025 ",FleishmanHillard,https://fleishmanhillard.com/join-us/open-positions/?gh_jid=4769710007&gh_src=683f01777us,"Only completed applications will be reviewed. Please scroll down and review the “Your Application Submission Must Include” section below for how to apply*


Position Overview

FleishmanHillard’s New York office offers a full-time Graduate Development Program (GDP) internship in the Technology practice group.

At FleishmanHillard, we embrace challenges, think boldly, trust each other, and harness our talented worldwide network to provide the best in-class counsel to our roster of remarkable global clients. Are you ready to join the team?

We recognize that diversity, equity and inclusion benefit our agency, our clients, and the communities in which we work and live. To that end, we strongly encourage applications from women, people of color, members of the LGBTQ community, veterans, and individuals with disabilities.

About The Graduate Development Program (GDP)

The FleishmanHillard Graduate Development Program is a great place to launch your post-college professional career. Qualified candidates will have earned their bachelor’s or graduate degree, or currently be enrolled in a graduate program. Strong applicants will have successfully completed prior internship experience in an agency environment. A passion for communications and excellent writing skills are required.

Graduate Development Professionals Will Have The Opportunity To


 Participate in office learning programs and on-the-job training.
 Learn from and collaborate with industry leading professionals.
 Support a portfolio of best-in-class brands.


The Summer GDP session will be held from July 2025 to December 2025. Applicants must submit a resume and cover letter specifying their interest in tech.

A brief overview of the tech capability can be found below:

Technology: Consumers demand innovation from tech companies. To tell the story of technology – of people’s awe-inspiring capacity for ingenuity and progress – we blend brand and reputation experience with tech knowledge to both highlight products and underscore what is possible through the latest advances.","Position Overview

FleishmanHillard’s New York office offers a full-time Graduate Development Program (GDP) internship in the Technology practice group.

About The Graduate Development Program (GDP)

The FleishmanHillard Graduate Development Program is a great place to launch your post-college professional career. Qualified candidates will have earned their bachelor’s or graduate degree, or currently be enrolled in a graduate program. Strong applicants will have successfully completed prior internship experience in an agency environment. A passion for communications and excellent writing skills are required.

Graduate Development Professionals Will Have The Opportunity To

 Participate in office learning programs and on-the-job training.
 Learn from and collaborate with industry leading professionals.
 Support a portfolio of best-in-class brands.

The Summer GDP session will be held from July 2025 to December 2025. Applicants must submit a resume and cover letter specifying their interest in tech."
c4086569b1f375059abb98ccb3f7d2321a00ae9af6d841eaf9dd3a5a4bf04ca8,Software Engineer Summer Internship ,Siemens,https://jobs.siemens.com/careers/job/563156125633359?domain=siemens.com&hl=en&sourceType=PREMIUM_POST_SITE,"Fall Internship Start Dates: August 18th, 25th 

Here at Siemens, we take pride in enabling sustainable progress through technology. We do this through empowering customers by combining the real and digital worlds. Improving how we live, work, and move today and for the next generation! We know that the only way a business thrives is if our people are thriving. That’s why we always put our people first. Our global, diverse team would be happy to support you and challenge you to grow in new ways. Who knows where our shared journey will take you?

Siemens Smart Infrastructure is seeking motivated interns for our Software Engineering team in Wendell, NC to support our portfolio of business, products and solutions. Join our team and contribute to real-world software projects in a collaborative and global environment. This role offers exposure to modern development practices, international collaboration, and engineering processes from design to production.

You’ll make an impact by:


Work closely with both Low Voltage and Medium Voltage development teams on active engineering projects.
Write and maintain software using Python and C# and Visual Basic.
Develop applications that interact with SQL and relational databases, including performing CRUD (Create, Read, Update, Delete) operations.
Participate in code reviews, debugging, and unit testing.
Use Git for version control and may be asked to build new web applications or enhance existing software tools.
Collaborate with global development teams based in India and Germany, learning how distributed engineering functions.
Gain hands-on understanding of Bill of Materials (BOM) management and its role in operations and 3D design workflows.
Be exposed to AI-powered workflows, where appropriate, to support automation or intelligent processing needs.
Learn and apply software engineering best practices in a production setting.


Basic Qualifications:


Currently enrolled undergraduate or graduate student studying Computer Science or Computer Engineering or related field.
Ability to report in-person to the Wendell, NC office for part time hours up to 29 hours /week without housing or travel/relocation compensation assistance.


Preferred Qualifications:


Proficiency in Python, C#, VB or similar languages.
Familiarity with version control systems (e.g., Git).
Foundational knowledge of data structures, algorithms, and object-oriented programming.
Experience or coursework related to databases, web development, or software design.
Strong problem-solving and communication skills.
Ability to work independently and as part of a distributed team.
Web development in cloud infrastructure setting a plus


You’ll benefit from:


Siemens offers a variety of health and wellness benefits to our employees. Details regarding our benefits can be found here. 
The hourly pay rate for this position is $25.00-$30.00/hr. The actual wage offered may be lower or higher depending on budget and candidate experience, knowledge, skills, qualifications and premium geographic location.


Create a better #TomorrowWithUs

About Siemens:

We are a global technology company focused on industry, infrastructure, transport, and healthcare. From more resource-efficient factories, resilient supply chains, and smarter buildings and grids, to sustainable transportation as well as advanced healthcare, we create technology with purpose adding real value for customers.

Our Commitment to Diversity, Equity, and Inclusion:

We value your unique identity and perspective. We are fully committed to providing equitable opportunities and building a workplace that reflects the diversity of society. Come bring your authentic self and create a better tomorrow with us. Learn more about our commitment to DEI here.

Protecting the environment, conserving our natural resources, fostering the health and performance of our people as well as safeguarding their working conditions are core to our social and business commitment at Siemens. They are an integral part of our Business Conduct Guidelines and our corporate strategy.

#urdp #siea

Equal Employment Opportunity Statement

Siemens is an Equal Opportunity and Affirmative Action Employer encouraging diversity in the workplace. All qualified applicants will receive consideration for employment without regard to their race, color, creed, religion, national origin, citizenship status, ancestry, sex, age, physical or mental disability unrelated to ability, marital status, family responsibilities, pregnancy, genetic information, sexual orientation, gender expression, gender identity, transgender, sex stereotyping, order of protection status, protected veteran or military status, or an unfavorable discharge from military service, and other categories protected by federal, state or local law.

Reasonable Accommodations

If you require a reasonable accommodation in completing a job application, interviewing, completing any pre-employment testing, or otherwise participating in the employee selection process, please fill out the accommodations form by clicking on this link Accommodation for disability form. If you’re unable to complete the form, you can reach out to our AskHR team for support at 1-866-743-6367. Please note our AskHR representatives do not have visibility of application or interview status.

EEO is the Law

Applicants and employees are protected under Federal law from discrimination. To learn more, Click here.

Pay Transparency Non-Discrimination Provision

Siemens follows Executive Order 11246, including the Pay Transparency Nondiscrimination Provision. To learn more, Click here.

California Privacy Notice

California residents have the right to receive additional notices about their personal information. To learn more, click here.

Criminal History

Qualified applications with arrest or conviction records will be considered for employment in accordance with applicable local and state laws.

","Siemens Smart Infrastructure is seeking motivated interns for our Software Engineering team in Wendell, NC to support our portfolio of business, products and solutions. Join our team and contribute to real-world software projects in a collaborative and global environment. This role offers exposure to modern development practices, international collaboration, and engineering processes from design to production.

You’ll make an impact by:

Work closely with both Low Voltage and Medium Voltage development teams on active engineering projects.
Write and maintain software using Python and C# and Visual Basic.
Develop applications that interact with SQL and relational databases, including performing CRUD (Create, Read, Update, Delete) operations.
Participate in code reviews, debugging, and unit testing.
Use Git for version control and may be asked to build new web applications or enhance existing software tools.
Collaborate with global development teams based in India and Germany, learning how distributed engineering functions.
Gain hands-on understanding of Bill of Materials (BOM) management and its role in operations and 3D design workflows.
Be exposed to AI-powered workflows, where appropriate, to support automation or intelligent processing needs.
Learn and apply software engineering best practices in a production setting.

Basic Qualifications:

Currently enrolled undergraduate or graduate student studying Computer Science or Computer Engineering or related field.
Ability to report in-person to the Wendell, NC office for part time hours up to 29 hours /week without housing or travel/relocation compensation assistance.

Preferred Qualifications:

Proficiency in Python, C#, VB or similar languages.
Familiarity with version control systems (e.g., Git).
Foundational knowledge of data structures, algorithms, and object-oriented programming.
Experience or coursework related to databases, web development, or software design.
Strong problem-solving and communication skills.
Ability to work independently and as part of a distributed team.
Web development in cloud infrastructure setting a plus"
c4086569b1f375059abb98ccb3f7d2321a00ae9af6d841eaf9dd3a5a4bf04ca8,Software Engineer Summer Internship ,Siemens,https://jobs.siemens.com/careers/job/563156125633359?domain=siemens.com&hl=en&sourceType=PREMIUM_POST_SITE,"Fall Internship Start Dates: August 18th, 25th 

Here at Siemens, we take pride in enabling sustainable progress through technology. We do this through empowering customers by combining the real and digital worlds. Improving how we live, work, and move today and for the next generation! We know that the only way a business thrives is if our people are thriving. That’s why we always put our people first. Our global, diverse team would be happy to support you and challenge you to grow in new ways. Who knows where our shared journey will take you?

Siemens Smart Infrastructure is seeking motivated interns for our Software Engineering team in Wendell, NC to support our portfolio of business, products and solutions. Join our team and contribute to real-world software projects in a collaborative and global environment. This role offers exposure to modern development practices, international collaboration, and engineering processes from design to production.

You’ll make an impact by:


Work closely with both Low Voltage and Medium Voltage development teams on active engineering projects.
Write and maintain software using Python and C# and Visual Basic.
Develop applications that interact with SQL and relational databases, including performing CRUD (Create, Read, Update, Delete) operations.
Participate in code reviews, debugging, and unit testing.
Use Git for version control and may be asked to build new web applications or enhance existing software tools.
Collaborate with global development teams based in India and Germany, learning how distributed engineering functions.
Gain hands-on understanding of Bill of Materials (BOM) management and its role in operations and 3D design workflows.
Be exposed to AI-powered workflows, where appropriate, to support automation or intelligent processing needs.
Learn and apply software engineering best practices in a production setting.


Basic Qualifications:


Currently enrolled undergraduate or graduate student studying Computer Science or Computer Engineering or related field.
Ability to report in-person to the Wendell, NC office for part time hours up to 29 hours /week without housing or travel/relocation compensation assistance.


Preferred Qualifications:


Proficiency in Python, C#, VB or similar languages.
Familiarity with version control systems (e.g., Git).
Foundational knowledge of data structures, algorithms, and object-oriented programming.
Experience or coursework related to databases, web development, or software design.
Strong problem-solving and communication skills.
Ability to work independently and as part of a distributed team.
Web development in cloud infrastructure setting a plus


You’ll benefit from:


Siemens offers a variety of health and wellness benefits to our employees. Details regarding our benefits can be found here. 
The hourly pay rate for this position is $25.00-$30.00/hr. The actual wage offered may be lower or higher depending on budget and candidate experience, knowledge, skills, qualifications and premium geographic location.


Create a better #TomorrowWithUs

About Siemens:

We are a global technology company focused on industry, infrastructure, transport, and healthcare. From more resource-efficient factories, resilient supply chains, and smarter buildings and grids, to sustainable transportation as well as advanced healthcare, we create technology with purpose adding real value for customers.

Our Commitment to Diversity, Equity, and Inclusion:

We value your unique identity and perspective. We are fully committed to providing equitable opportunities and building a workplace that reflects the diversity of society. Come bring your authentic self and create a better tomorrow with us. Learn more about our commitment to DEI here.

Protecting the environment, conserving our natural resources, fostering the health and performance of our people as well as safeguarding their working conditions are core to our social and business commitment at Siemens. They are an integral part of our Business Conduct Guidelines and our corporate strategy.

#urdp #siea

Equal Employment Opportunity Statement

Siemens is an Equal Opportunity and Affirmative Action Employer encouraging diversity in the workplace. All qualified applicants will receive consideration for employment without regard to their race, color, creed, religion, national origin, citizenship status, ancestry, sex, age, physical or mental disability unrelated to ability, marital status, family responsibilities, pregnancy, genetic information, sexual orientation, gender expression, gender identity, transgender, sex stereotyping, order of protection status, protected veteran or military status, or an unfavorable discharge from military service, and other categories protected by federal, state or local law.

Reasonable Accommodations

If you require a reasonable accommodation in completing a job application, interviewing, completing any pre-employment testing, or otherwise participating in the employee selection process, please fill out the accommodations form by clicking on this link Accommodation for disability form. If you’re unable to complete the form, you can reach out to our AskHR team for support at 1-866-743-6367. Please note our AskHR representatives do not have visibility of application or interview status.

EEO is the Law

Applicants and employees are protected under Federal law from discrimination. To learn more, Click here.

Pay Transparency Non-Discrimination Provision

Siemens follows Executive Order 11246, including the Pay Transparency Nondiscrimination Provision. To learn more, Click here.

California Privacy Notice

California residents have the right to receive additional notices about their personal information. To learn more, click here.

Criminal History

Qualified applications with arrest or conviction records will be considered for employment in accordance with applicable local and state laws.

","Siemens Smart Infrastructure is seeking motivated interns for our Software Engineering team in Wendell, NC to support our portfolio of business, products and solutions. Join our team and contribute to real-world software projects in a collaborative and global environment. This role offers exposure to modern development practices, international collaboration, and engineering processes from design to production.

You’ll make an impact by:

Work closely with both Low Voltage and Medium Voltage development teams on active engineering projects.
Write and maintain software using Python and C# and Visual Basic.
Develop applications that interact with SQL and relational databases, including performing CRUD (Create, Read, Update, Delete) operations.
Participate in code reviews, debugging, and unit testing.
Use Git for version control and may be asked to build new web applications or enhance existing software tools.
Collaborate with global development teams based in India and Germany, learning how distributed engineering functions.
Gain hands-on understanding of Bill of Materials (BOM) management and its role in operations and 3D design workflows.
Be exposed to AI-powered workflows, where appropriate, to support automation or intelligent processing needs.
Learn and apply software engineering best practices in a production setting.

Basic Qualifications:

Currently enrolled undergraduate or graduate student studying Computer Science or Computer Engineering or related field.
Ability to report in-person to the Wendell, NC office for part time hours up to 29 hours /week without housing or travel/relocation compensation assistance.

Preferred Qualifications:

Proficiency in Python, C#, VB or similar languages.
Familiarity with version control systems (e.g., Git).
Foundational knowledge of data structures, algorithms, and object-oriented programming.
Experience or coursework related to databases, web development, or software design.
Strong problem-solving and communication skills.
Ability to work independently and as part of a distributed team.
Web development in cloud infrastructure setting a plus"
6a1df0ea86fd8b14d6fd820a66f09b1a4e5f849e4ac8735f0ab2d6c597479c7b,IT Intern,Best Point,https://workforcenow.adp.com/mascsr/default/mdf/recruitment/recruitment.html?ccId=19000101_000001&cid=114e0d58-be8c-4d07-86fc-690d4925484d&jobId=572285&lang=en_US&rb=LinkedIn,"Primary Responsibility

The IT Intern position assists the IT department at Best Point by handling of multiple avenues of contact for assistance throughout the business day; quickly, courteously, and efficiently. During each contact for assistance, interns are required to notate, diagnose and either resolve or escalate the issue to the appropriate support group. This process requires robust troubleshooting and decision-making skills to effectively execute. In addition, interns are also tasked with performing other duties, such as password resets and in-depth documentation of solutions and fixes. This internship is designed to be both educational and practical.

Support 


Provides technical support to users by researching and answering questions, troubleshooting problems, and maintaining workstation and LAN performance.
Provides answers to clients by identifying problems, researching answers, and guiding clients through corrective steps.
Assist in writing and maintaining documentation and other client IT related instructions.
Participates in development of client training and onboarding programs by identifying learning issues and recommending instructional language.
Improves system performance by identifying problems and recommending changes.
Updates job knowledge by participating in educational opportunities and maintaining personal networks.


Other duties as assigned

This position is not a Co-op.

Qualifications

Minimum Education, Experience and Other Skill Requirements:


Customer service
Quality focus
Verbal communication
Problem solving
LAN knowledge
Operating systems
Phone skills
PC proficiency
System administration


Minimum Education, Experience And Other Skill Requirements


High school diploma, GED, or equivalent. Currently enrolled in technology or IT certificate or degree program
Prior information technology or systems administration experience preferred
Familiarity with VOIP telephones, Microsoft office, and mobile applications a plus 


Work Environment

Exposed to a combination of office, school, and mental health treatment environments. Exposed to children with behavior problems. May be exposed to shouting and children who are upset.

Physical Demands

The physical demands are representative of those that must be met by an employee to successfully perform the essential functions of this job. Reasonable accommodations may be made to enable individuals with disabilities to perform the essential functions.

While performing the duties of this job: Regularly required to sit, stand, walk, bend and lift objects of up to 20 pounds.

Our Culture

Best Point Education & Behavioral Health is Greater Cincinnati’s most prolific non-profit specializing in education, behavioral and therapeutic health services and autism services for vulnerable, at-risk youth, their families, and caregivers.

Best Point Education & Behavioral Health is proud to embrace our ideals of an equal opportunity workplace by actions as well as our words. We lead our community with respect and tolerance, internally and externally, and we expect our employees to embrace this ideal and express it in their day-to-day interactions.

All qualified applicants will receive consideration for employment without regard to, and will not be discriminated against, based on age, race, gender, color, religion, national origin, sexual orientation, gender identity, veteran status, disability or any other protected category.","Primary Responsibility

The IT Intern position assists the IT department at Best Point by handling of multiple avenues of contact for assistance throughout the business day; quickly, courteously, and efficiently. During each contact for assistance, interns are required to notate, diagnose and either resolve or escalate the issue to the appropriate support group. This process requires robust troubleshooting and decision-making skills to effectively execute. In addition, interns are also tasked with performing other duties, such as password resets and in-depth documentation of solutions and fixes. This internship is designed to be both educational and practical.

Support 


Provides technical support to users by researching and answering questions, troubleshooting problems, and maintaining workstation and LAN performance.
Provides answers to clients by identifying problems, researching answers, and guiding clients through corrective steps.
Assist in writing and maintaining documentation and other client IT related instructions.
Participates in development of client training and onboarding programs by identifying learning issues and recommending instructional language.
Improves system performance by identifying problems and recommending changes.
Updates job knowledge by participating in educational opportunities and maintaining personal networks.


Other duties as assigned

Qualifications

Minimum Education, Experience and Other Skill Requirements:


Customer service
Quality focus
Verbal communication
Problem solving
LAN knowledge
Operating systems
Phone skills
PC proficiency
System administration


Minimum Education, Experience And Other Skill Requirements


High school diploma, GED, or equivalent. Currently enrolled in technology or IT certificate or degree program
Prior information technology or systems administration experience preferred
Familiarity with VOIP telephones, Microsoft office, and mobile applications a plus"
dba669c3c9ae49b30ec884c8fd14534ee836ff40c5c9360fe3f9dc7e21aad035,Intern ,DNOW,https://distributionnow.wd5.myworkdayjobs.com/DNOW_Careers/job/US-TX-Houston-7310-N-Eldridge-Parkway/Intern_R08139,"At DistributionNOW, we believe our associates are the best in the business. We value and reward hardworking, creative, and dedicated employees that desire to be part of a team committed to outstanding customer service.

START YOUR CAREER NOW.

Assist tax and Finance groups on projects as needed.

Intern",Assist tax and Finance groups on projects as needed.
dba669c3c9ae49b30ec884c8fd14534ee836ff40c5c9360fe3f9dc7e21aad035,Intern ,DNOW,https://distributionnow.wd5.myworkdayjobs.com/DNOW_Careers/job/US-TX-Houston-7310-N-Eldridge-Parkway/Intern_R08139,"At DistributionNOW, we believe our associates are the best in the business. We value and reward hardworking, creative, and dedicated employees that desire to be part of a team committed to outstanding customer service.

START YOUR CAREER NOW.

Assist tax and Finance groups on projects as needed.

Intern",Assist tax and Finance groups on projects as needed.
85580231d037152553811af551f8a77ba2ca48d6dbcab2cc24946164fb7c38d9,Co-op - Fall 2025 ,RoviSys,https://careers-rovisys.icims.com/jobs/1755/co-op---fall-2025/login?in_iframe=1,"RoviSys employees work on exciting projects in a collaborative environment. Our engineers are intelligent, talented, enthusiastic teammates who use technology to provide innovative solutions for complex client challenges. Our innovative solutions make a difference in industry and society every day.

Responsibilities

 Co-op Position: College Student 

 RoviSys offers a broad opportunity to grow your career while working under the guidance of experienced Engineers and Developers with any of the following duties: 


 Design and develop automation systems 
 Design and develop electrical control systems that will interface with process lines, manufacturing equipment and sensors 
 Architect solutions using the appropriate technologies from database to AI to User Interface tools. 
 Provide our clients with real time, actionable information reports about their process 
 Develop quality code in accordance with established RoviSys and client standards 
 Work in team environment with engineers and designers from RoviSys, partners and clients 
 Travel to customer sites for planning meetings, commissioning and testing 
 Grow into position leading a team of engineers and technicians to provide automation and information solutions. 



 Below are the co-op paths we currently offer. 

 Systems: 


 Success Factors: 
 Understanding of Process or Manufacturing Systems 
 Co-op Experience 
 Electrical or Process Knowledge 

 Technologies Used: 
 DCS, PLCs, Rockwell, Siemens, Emerson, Schneider, Inductive, Aveva 

 Duties: 
 Design and develop automation systems 
 Travel to client plants to assess and document existing systems and connected equipment 
 Use P&ID, Equipment Lists, I/O Lists and Process Descriptions to define control schemes for clients. 
 Network customer systems, Controllers, HMI PC's, Field mounted instruments and Process Skids to provide fully integrated control systems 



 Information Systems: 


 Success Factors: 
 Ability to understand Information System architectures 

 Technologies Used: 
 Relational Databases and Historians (MS SQL Server, Oracle, OSIsoft, etc.) 
 Python, VBA/VBscript/C# syntax, Linux shell scription (Bash,make), PowerShell scripting 

 Duties: 
 Design and implement industry software applications to aggregate manufacturing systems information and provide reports to support business decisions 
 Manually configure technical solutions and identify optimization opportunities by leveraging scripting and automation to increase process efficiency 
 Install and commission systems connected to the plant floor devices onsite and support operations personnel through effective use and maintenance of the deployed solutions 
 Scripting and light programming 



 Industrial IT: 


 Success Factors: 
 Passion for networking 
 Virtualization 
 Cybersecurity in a manufacturing or office setting 

 Technologies Used: 
 Virtualization, Networking 
 Cybersecurity, Windows, Wireless 

 Duties: 
 Map and Design Network Architectures 
 Configure and Test Infrastructure components 
 Install and Commission equipment at customer sites, per design 
 Communicate with customer and project team to define needs and design/implement solutions 



Qualifications


 Full-time student status 
 Strong academic achievement, maintaining a GPA of 3.0 or above 
 Enrollment in a Bachelor's program in a Technical Field, related to Engineering, or Control Systems 
 Passionate about problem solving and developing solutions 



Candidates must be authorized to work in the U.S. without RoviSys sponsorship","Responsibilities

 Co-op Position: College Student 

 RoviSys offers a broad opportunity to grow your career while working under the guidance of experienced Engineers and Developers with any of the following duties: 


 Design and develop automation systems 
 Design and develop electrical control systems that will interface with process lines, manufacturing equipment and sensors 
 Architect solutions using the appropriate technologies from database to AI to User Interface tools. 
 Provide our clients with real time, actionable information reports about their process 
 Develop quality code in accordance with established RoviSys and client standards 
 Work in team environment with engineers and designers from RoviSys, partners and clients 
 Travel to customer sites for planning meetings, commissioning and testing 
 Grow into position leading a team of engineers and technicians to provide automation and information solutions. 



 Below are the co-op paths we currently offer. 

 Systems: 


 Success Factors: 
 Understanding of Process or Manufacturing Systems 
 Co-op Experience 
 Electrical or Process Knowledge 

 Duties: 
 Design and develop automation systems 
 Travel to client plants to assess and document existing systems and connected equipment 
 Use P&ID, Equipment Lists, I/O Lists and Process Descriptions to define control schemes for clients. 
 Network customer systems, Controllers, HMI PC's, Field mounted instruments and Process Skids to provide fully integrated control systems 



 Information Systems: 


 Success Factors: 
 Ability to understand Information System architectures 

 Duties: 
 Design and implement industry software applications to aggregate manufacturing systems information and provide reports to support business decisions 
 Manually configure technical solutions and identify optimization opportunities by leveraging scripting and automation to increase process efficiency 
 Install and commission systems connected to the plant floor devices onsite and support operations personnel through effective use and maintenance of the deployed solutions 
 Scripting and light programming 



 Industrial IT: 


 Success Factors: 
 Passion for networking 
 Virtualization 
 Cybersecurity in a manufacturing or office setting 

 Duties: 
 Map and Design Network Architectures 
 Configure and Test Infrastructure components 
 Install and Commission equipment at customer sites, per design 
 Communicate with customer and project team to define needs and design/implement solutions 



Qualifications


 Full-time student status 
 Strong academic achievement, maintaining a GPA of 3.0 or above 
 Enrollment in a Bachelor's program in a Technical Field, related to Engineering, or Control Systems 
 Passionate about problem solving and developing solutions 



Candidates must be authorized to work in the U.S. without RoviSys sponsorship"
